timestamp,search_type,origin,destination,departure_date,departure_time,return_departure_time,carrier,price,currency
2026-03-28 18:08:37,outbound,BUD,IST,2026-08-10,09:00,,Turkish Airlines,161.0,EUR
2026-03-28 18:08:37,outbound,BUD,IST,2026-08-10,14:10,,Turkish Airlines,167.0,EUR
2026-03-28 18:08:37,inbound,IST,BUD,2026-08-18,18:35,,Turkish Airlines,147.0,EUR
2026-03-28 18:08:37,roundtrip,BUD,IST,2026-08-10,09:00,18:35,Turkish Airlines,246.0,EUR
2026-03-28 18:08:37,roundtrip,BUD,IST,2026-08-10,14:10,18:35,Turkish Airlines,252.0,EUR
2026-03-28 22:28:58,outbound,BUD,IST,2026-08-10,09:00,,Turkish Airlines,161.0,EUR
2026-03-28 22:28:58,outbound,BUD,IST,2026-08-10,14:10,,Turkish Airlines,167.0,EUR
2026-03-28 22:28:58,inbound,IST,BUD,2026-08-18,18:35,,Turkish Airlines,147.0,EUR
2026-03-28 22:28:58,roundtrip,BUD,IST,2026-08-10,09:00,18:35,Turkish Airlines,246.0,EUR
2026-03-28 22:28:58,roundtrip,BUD,IST,2026-08-10,14:10,18:35,Turkish Airlines,252.0,EUR
2026-03-29 05:18:31,outbound,BUD,IST,2026-08-10,09:00,,Turkish Airlines,161.0,EUR
2026-03-29 05:18:31,outbound,BUD,IST,2026-08-10,14:10,,Turkish Airlines,167.0,EUR
2026-03-29 05:18:31,inbound,IST,BUD,2026-08-18,18:35,,Turkish Airlines,147.0,EUR
2026-03-29 05:18:31,roundtrip,BUD,IST,2026-08-10,09:00,18:35,Turkish Airlines,246.0,EUR
2026-03-29 05:18:31,roundtrip,BUD,IST,2026-08-10,14:10,18:35,Turkish Airlines,252.0,EUR
2026-03-29 07:43:52,outbound,BUD,IST,2026-08-10,09:00,,Turkish Airlines,161.0,EUR
2026-03-29 07:43:52,outbound,BUD,IST,2026-08-10,14:10,,Turkish Airlines,167.0,EUR
2026-03-29 07:43:52,inbound,IST,BUD,2026-08-18,18:35,,Turkish Airlines,147.0,EUR
2026-03-29 07:43:52,roundtrip,BUD,IST,2026-08-10,09:00,18:35,Turkish Airlines,211.0,EUR
2026-03-29 07:43:52,roundtrip,BUD,IST,2026-08-10,14:10,18:35,Turkish Airlines,217.0,EUR
2026-03-29 13:03:25,outbound,BUD,IST,2026-08-10,09:00,,Turkish Airlines,161.0,EUR
2026-03-29 13:03:25,outbound,BUD,IST,2026-08-10,14:10,,Turkish Airlines,167.0,EUR
2026-03-29 13:03:25,inbound,IST,BUD,2026-08-18,18:35,,Turkish Airlines,147.0,EUR
2026-03-29 13:03:25,roundtrip,BUD,IST,2026-08-10,09:00,18:35,Turkish Airlines,246.0,EUR
2026-03-29 13:03:25,roundtrip,BUD,IST,2026-08-10,14:10,18:35,Turkish Airlines,252.0,EUR
2026-03-29 17:23:33,outbound,BUD,IST,2026-08-10,09:00,,Turkish Airlines,161.0,EUR
2026-03-29 17:23:33,outbound,BUD,IST,2026-08-10,14:10,,Turkish Airlines,167.0,EUR
2026-03-29 17:23:33,inbound,IST,BUD,2026-08-18,18:35,,Turkish Airlines,147.0,EUR
2026-03-29 17:23:33,roundtrip,BUD,IST,2026-08-10,09:00,18:35,Turkish Airlines,246.0,EUR
2026-03-29 17:23:33,roundtrip,BUD,IST,2026-08-10,14:10,18:35,Turkish Airlines,252.0,EUR
2026-03-29 22:29:23,outbound,BUD,IST,2026-08-10,09:00,,Turkish Airlines,161.0,EUR
2026-03-29 22:29:23,outbound,BUD,IST,2026-08-10,14:10,,Turkish Airlines,167.0,EUR
2026-03-29 22:29:23,inbound,IST,BUD,2026-08-18,18:35,,Turkish Airlines,148.0,EUR
2026-03-29 22:29:23,roundtrip,BUD,IST,2026-08-10,09:00,18:35,Turkish Airlines,246.0,EUR
2026-03-29 22:29:23,roundtrip,BUD,IST,2026-08-10,14:10,18:35,Turkish Airlines,252.0,EUR
2026-03-30 05:32:09,outbound,BUD,IST,2026-08-10,09:00,,Turkish Airlines,161.0,EUR
2026-03-30 05:32:09,outbound,BUD,IST,2026-08-10,14:10,,Turkish Airlines,167.0,EUR
2026-03-30 05:32:09,inbound,IST,BUD,2026-08-18,18:35,,Turkish Airlines,147.0,EUR
2026-03-30 05:32:09,roundtrip,BUD,IST,2026-08-10,09:00,18:35,Turkish Airlines,246.0,EUR
2026-03-30 05:32:09,roundtrip,BUD,IST,2026-08-10,14:10,18:35,Turkish Airlines,252.0,EUR
2026-03-30 08:14:47,outbound,BUD,IST,2026-08-10,09:00,,Turkish Airlines,161.0,EUR
2026-03-30 08:14:47,outbound,BUD,IST,2026-08-10,14:10,,Turkish Airlines,167.0,EUR
2026-03-30 08:14:47,inbound,IST,BUD,2026-08-18,18:35,,Turkish Airlines,148.0,EUR
2026-03-30 08:14:47,roundtrip,BUD,IST,2026-08-10,09:00,18:35,Turkish Airlines,246.0,EUR
2026-03-30 08:14:47,roundtrip,BUD,IST,2026-08-10,14:10,18:35,Turkish Airlines,252.0,EUR
2026-03-30 13:28:23,outbound,BUD,IST,2026-08-10,09:00,,Turkish Airlines,162.0,EUR
2026-03-30 13:28:23,outbound,BUD,IST,2026-08-10,14:10,,Turkish Airlines,167.0,EUR
2026-03-30 13:28:23,inbound,IST,BUD,2026-08-18,18:35,,Turkish Airlines,148.0,EUR
2026-03-30 13:28:23,roundtrip,BUD,IST,2026-08-10,09:00,18:35,Turkish Airlines,246.0,EUR
2026-03-30 13:28:23,roundtrip,BUD,IST,2026-08-10,14:10,18:35,Turkish Airlines,253.0,EUR
2026-03-30 17:45:59,outbound,BUD,IST,2026-08-10,09:00,,Turkish Airlines,162.0,EUR
2026-03-30 17:45:59,outbound,BUD,IST,2026-08-10,14:10,,Turkish Airlines,168.0,EUR
2026-03-30 17:45:59,inbound,IST,BUD,2026-08-18,18:35,,Turkish Airlines,148.0,EUR
2026-03-30 17:45:59,roundtrip,BUD,IST,2026-08-10,09:00,18:35,Turkish Airlines,246.0,EUR
2026-03-30 17:45:59,roundtrip,BUD,IST,2026-08-10,14:10,18:35,Turkish Airlines,253.0,EUR
2026-03-30 22:34:20,outbound,BUD,IST,2026-08-10,09:00,,Turkish Airlines,161.0,EUR
2026-03-30 22:34:20,outbound,BUD,IST,2026-08-10,14:10,,Turkish Airlines,168.0,EUR
2026-03-30 22:34:20,inbound,IST,BUD,2026-08-18,18:35,,Turkish Airlines,148.0,EUR
2026-03-30 22:34:20,roundtrip,BUD,IST,2026-08-10,09:00,18:35,Turkish Airlines,246.0,EUR
2026-03-30 22:34:20,roundtrip,BUD,IST,2026-08-10,14:10,18:35,Turkish Airlines,253.0,EUR
2026-03-31 05:18:13,outbound,BUD,IST,2026-08-10,09:00,,Turkish Airlines,161.0,EUR
2026-03-31 05:18:13,outbound,BUD,IST,2026-08-10,14:10,,Turkish Airlines,169.0,EUR
2026-03-31 05:18:13,inbound,IST,BUD,2026-08-18,18:35,,Turkish Airlines,148.0,EUR
2026-03-31 05:18:13,roundtrip,BUD,IST,2026-08-10,09:00,18:35,Turkish Airlines,246.0,EUR
2026-03-31 05:18:13,roundtrip,BUD,IST,2026-08-10,14:10,18:35,Turkish Airlines,254.0,EUR
2026-03-31 08:00:10,outbound,BUD,IST,2026-08-10,09:00,,Turkish Airlines,161.0,EUR
2026-03-31 08:00:10,outbound,BUD,IST,2026-08-10,14:10,,Turkish Airlines,169.0,EUR
2026-03-31 08:00:10,inbound,IST,BUD,2026-08-18,18:35,,Turkish Airlines,148.0,EUR
2026-03-31 08:00:10,roundtrip,BUD,IST,2026-08-10,09:00,18:35,Turkish Airlines,246.0,EUR
2026-03-31 08:00:10,roundtrip,BUD,IST,2026-08-10,14:10,18:35,Turkish Airlines,255.0,EUR
2026-03-31 13:27:45,outbound,BUD,IST,2026-08-10,09:00,,Turkish Airlines,161.0,EUR
2026-03-31 13:27:45,outbound,BUD,IST,2026-08-10,14:10,,Turkish Airlines,170.0,EUR
2026-03-31 13:27:45,inbound,IST,BUD,2026-08-18,18:35,,Turkish Airlines,147.0,EUR
2026-03-31 13:27:45,roundtrip,BUD,IST,2026-08-10,09:00,18:35,Turkish Airlines,247.0,EUR
2026-03-31 13:27:45,roundtrip,BUD,IST,2026-08-10,14:10,18:35,Turkish Airlines,257.0,EUR
2026-03-31 17:50:14,outbound,BUD,IST,2026-08-10,09:00,,Turkish Airlines,161.0,EUR
2026-03-31 17:50:14,outbound,BUD,IST,2026-08-10,14:10,,Turkish Airlines,170.0,EUR
2026-03-31 17:50:14,inbound,IST,BUD,2026-08-18,18:35,,Turkish Airlines,147.0,EUR
2026-03-31 17:50:14,roundtrip,BUD,IST,2026-08-10,09:00,18:35,Turkish Airlines,246.0,EUR
2026-03-31 17:50:14,roundtrip,BUD,IST,2026-08-10,14:10,18:35,Turkish Airlines,257.0,EUR
2026-03-31 22:33:38,outbound,BUD,IST,2026-08-10,09:00,,Turkish Airlines,161.0,EUR
2026-03-31 22:33:38,outbound,BUD,IST,2026-08-10,14:10,,Turkish Airlines,170.0,EUR
2026-03-31 22:33:38,inbound,IST,BUD,2026-08-18,18:35,,Turkish Airlines,147.0,EUR
2026-03-31 22:33:38,roundtrip,BUD,IST,2026-08-10,09:00,18:35,Turkish Airlines,245.0,EUR
2026-03-31 22:33:38,roundtrip,BUD,IST,2026-08-10,14:10,18:35,Turkish Airlines,257.0,EUR
2026-04-01 05:30:03,outbound,BUD,IST,2026-08-10,09:00,,Turkish Airlines,160.0,EUR
2026-04-01 05:30:03,outbound,BUD,IST,2026-08-10,14:10,,Turkish Airlines,169.0,EUR
2026-04-01 05:30:03,inbound,IST,BUD,2026-08-18,18:35,,Turkish Airlines,147.0,EUR
2026-04-01 05:30:03,roundtrip,BUD,IST,2026-08-10,09:00,18:35,Turkish Airlines,245.0,EUR
2026-04-01 05:30:03,roundtrip,BUD,IST,2026-08-10,14:10,18:35,Turkish Airlines,257.0,EUR
2026-04-01 08:07:36,outbound,BUD,IST,2026-08-10,09:00,,Turkish Airlines,161.0,EUR
2026-04-01 08:07:36,outbound,BUD,IST,2026-08-10,14:10,,Turkish Airlines,170.0,EUR
2026-04-01 08:07:36,inbound,IST,BUD,2026-08-18,18:35,,Turkish Airlines,147.0,EUR
2026-04-01 08:07:36,roundtrip,BUD,IST,2026-08-10,09:00,18:35,Turkish Airlines,245.0,EUR
2026-04-01 08:07:36,roundtrip,BUD,IST,2026-08-10,14:10,18:35,Turkish Airlines,258.0,EUR
2026-04-01 13:42:16,outbound,BUD,IST,2026-08-10,09:00,,Turkish Airlines,160.0,EUR
2026-04-01 13:42:16,outbound,BUD,IST,2026-08-10,14:10,,Turkish Airlines,170.0,EUR
2026-04-01 13:42:16,inbound,IST,BUD,2026-08-18,18:35,,Turkish Airlines,146.0,EUR
2026-04-01 13:42:16,roundtrip,BUD,IST,2026-08-10,09:00,18:35,Turkish Airlines,245.0,EUR
2026-04-01 13:42:16,roundtrip,BUD,IST,2026-08-10,14:10,18:35,Turkish Airlines,258.0,EUR
2026-04-01 17:43:23,outbound,BUD,IST,2026-08-10,09:00,,Turkish Airlines,160.0,EUR
2026-04-01 17:43:23,outbound,BUD,IST,2026-08-10,14:10,,Turkish Airlines,170.0,EUR
2026-04-01 17:43:23,inbound,IST,BUD,2026-08-18,18:35,,Turkish Airlines,146.0,EUR
2026-04-01 17:43:23,roundtrip,BUD,IST,2026-08-10,09:00,18:35,Turkish Airlines,245.0,EUR
2026-04-01 17:43:23,roundtrip,BUD,IST,2026-08-10,14:10,18:35,Turkish Airlines,258.0,EUR
2026-04-01 22:36:17,outbound,BUD,IST,2026-08-10,09:00,,Turkish Airlines,160.0,EUR
2026-04-01 22:36:17,outbound,BUD,IST,2026-08-10,14:10,,Turkish Airlines,169.0,EUR
2026-04-01 22:36:17,inbound,IST,BUD,2026-08-18,18:35,,Turkish Airlines,147.0,EUR
2026-04-01 22:36:17,roundtrip,BUD,IST,2026-08-10,09:00,18:35,Turkish Airlines,246.0,EUR
2026-04-01 22:36:17,roundtrip,BUD,IST,2026-08-10,14:10,18:35,Turkish Airlines,258.0,EUR
2026-04-02 05:10:12,outbound,BUD,IST,2026-08-10,09:00,,Turkish Airlines,160.0,EUR
2026-04-02 05:10:12,outbound,BUD,IST,2026-08-10,14:10,,Turkish Airlines,168.0,EUR
2026-04-02 05:10:12,inbound,IST,BUD,2026-08-18,18:35,,Turkish Airlines,147.0,EUR
2026-04-02 05:10:12,roundtrip,BUD,IST,2026-08-10,09:00,18:35,Turkish Airlines,246.0,EUR
2026-04-02 05:10:12,roundtrip,BUD,IST,2026-08-10,14:10,18:35,Turkish Airlines,256.0,EUR
2026-04-02 07:57:16,outbound,BUD,IST,2026-08-10,09:00,,Turkish Airlines,160.0,EUR
2026-04-02 07:57:16,outbound,BUD,IST,2026-08-10,14:10,,Turkish Airlines,168.0,EUR
2026-04-02 07:57:16,inbound,IST,BUD,2026-08-18,18:35,,Turkish Airlines,147.0,EUR
2026-04-02 07:57:16,roundtrip,BUD,IST,2026-08-10,09:00,18:35,Turkish Airlines,246.0,EUR
2026-04-02 07:57:16,roundtrip,BUD,IST,2026-08-10,14:10,18:35,Turkish Airlines,257.0,EUR
2026-04-02 13:21:46,outbound,BUD,IST,2026-08-10,09:00,,Turkish Airlines,160.0,EUR
2026-04-02 13:21:46,outbound,BUD,IST,2026-08-10,14:10,,Turkish Airlines,168.0,EUR
2026-04-02 13:21:46,inbound,IST,BUD,2026-08-18,18:35,,Turkish Airlines,147.0,EUR
2026-04-02 13:21:46,roundtrip,BUD,IST,2026-08-10,09:00,18:35,Turkish Airlines,246.0,EUR
2026-04-02 13:21:46,roundtrip,BUD,IST,2026-08-10,14:10,18:35,Turkish Airlines,254.0,EUR
2026-04-02 17:43:17,outbound,BUD,IST,2026-08-10,09:00,,Turkish Airlines,160.0,EUR
2026-04-02 17:43:17,outbound,BUD,IST,2026-08-10,14:10,,Turkish Airlines,168.0,EUR
2026-04-02 17:43:17,inbound,IST,BUD,2026-08-18,18:35,,Turkish Airlines,147.0,EUR
2026-04-02 17:43:17,roundtrip,BUD,IST,2026-08-10,09:00,18:35,Turkish Airlines,246.0,EUR
2026-04-02 17:43:17,roundtrip,BUD,IST,2026-08-10,14:10,18:35,Turkish Airlines,255.0,EUR
2026-04-02 22:30:18,outbound,BUD,IST,2026-08-10,09:00,,Turkish Airlines,161.0,EUR
2026-04-02 22:30:18,outbound,BUD,IST,2026-08-10,14:10,,Turkish Airlines,168.0,EUR
2026-04-02 22:30:18,inbound,IST,BUD,2026-08-18,18:35,,Turkish Airlines,147.0,EUR
2026-04-02 22:30:18,roundtrip,BUD,IST,2026-08-10,09:00,18:35,Turkish Airlines,247.0,EUR
2026-04-02 22:30:18,roundtrip,BUD,IST,2026-08-10,14:10,18:35,Turkish Airlines,254.0,EUR
2026-04-03 05:12:17,outbound,BUD,IST,2026-08-10,09:00,,Turkish Airlines,161.0,EUR
2026-04-03 05:12:17,outbound,BUD,IST,2026-08-10,14:10,,Turkish Airlines,168.0,EUR
2026-04-03 05:12:17,inbound,IST,BUD,2026-08-18,18:35,,Turkish Airlines,147.0,EUR
2026-04-03 05:12:17,roundtrip,BUD,IST,2026-08-10,09:00,18:35,Turkish Airlines,247.0,EUR
2026-04-03 05:12:17,roundtrip,BUD,IST,2026-08-10,14:10,18:35,Turkish Airlines,254.0,EUR
2026-04-03 07:54:20,outbound,BUD,IST,2026-08-10,09:00,,Turkish Airlines,161.0,EUR
2026-04-03 07:54:20,outbound,BUD,IST,2026-08-10,14:10,,Turkish Airlines,167.0,EUR
2026-04-03 07:54:20,inbound,IST,BUD,2026-08-18,18:35,,Turkish Airlines,147.0,EUR
2026-04-03 07:54:20,roundtrip,BUD,IST,2026-08-10,09:00,18:35,Turkish Airlines,247.0,EUR
2026-04-03 07:54:20,roundtrip,BUD,IST,2026-08-10,14:10,18:35,Turkish Airlines,254.0,EUR
2026-04-03 13:11:14,outbound,BUD,IST,2026-08-10,14:10,,Turkish Airlines,167.0,EUR
2026-04-03 13:11:14,outbound,BUD,IST,2026-08-10,09:00,,Turkish Airlines,205.0,EUR
2026-04-03 13:11:14,inbound,IST,BUD,2026-08-18,18:35,,Turkish Airlines,147.0,EUR
2026-04-03 13:11:14,roundtrip,BUD,IST,2026-08-10,09:00,18:35,Turkish Airlines,247.0,EUR
2026-04-03 13:11:14,roundtrip,BUD,IST,2026-08-10,14:10,18:35,Turkish Airlines,254.0,EUR
2026-04-03 17:27:42,outbound,BUD,IST,2026-08-10,09:00,,Turkish Airlines,161.0,EUR
2026-04-03 17:27:42,outbound,BUD,IST,2026-08-10,14:10,,Turkish Airlines,167.0,EUR
2026-04-03 17:27:42,inbound,IST,BUD,2026-08-18,18:35,,Turkish Airlines,147.0,EUR
2026-04-03 17:27:42,roundtrip,BUD,IST,2026-08-10,09:00,18:35,Turkish Airlines,247.0,EUR
2026-04-03 17:27:42,roundtrip,BUD,IST,2026-08-10,14:10,18:35,Turkish Airlines,254.0,EUR
2026-04-03 22:31:48,outbound,BUD,IST,2026-08-10,09:00,,Turkish Airlines,161.0,EUR
2026-04-03 22:31:48,outbound,BUD,IST,2026-08-10,14:10,,Turkish Airlines,168.0,EUR
2026-04-03 22:31:48,inbound,IST,BUD,2026-08-18,18:35,,Turkish Airlines,147.0,EUR
2026-04-03 22:31:48,roundtrip,BUD,IST,2026-08-10,09:00,18:35,Turkish Airlines,246.0,EUR
2026-04-03 22:31:48,roundtrip,BUD,IST,2026-08-10,14:10,18:35,Turkish Airlines,254.0,EUR
2026-04-04 04:58:30,outbound,BUD,IST,2026-08-10,09:00,,Turkish Airlines,161.0,EUR
2026-04-04 04:58:30,outbound,BUD,IST,2026-08-10,14:10,,Turkish Airlines,168.0,EUR
2026-04-04 04:58:30,inbound,IST,BUD,2026-08-18,18:35,,Turkish Airlines,148.0,EUR
2026-04-04 04:58:30,roundtrip,BUD,IST,2026-08-10,09:00,18:35,Turkish Airlines,246.0,EUR
2026-04-04 04:58:30,roundtrip,BUD,IST,2026-08-10,14:10,18:35,Turkish Airlines,254.0,EUR
2026-04-04 07:40:41,outbound,BUD,IST,2026-08-10,09:00,,Turkish Airlines,161.0,EUR
2026-04-04 07:40:41,outbound,BUD,IST,2026-08-10,14:10,,Turkish Airlines,168.0,EUR
2026-04-04 07:40:41,inbound,IST,BUD,2026-08-18,18:35,,Turkish Airlines,148.0,EUR
2026-04-04 07:40:41,roundtrip,BUD,IST,2026-08-10,09:00,18:35,Turkish Airlines,246.0,EUR
2026-04-04 07:40:41,roundtrip,BUD,IST,2026-08-10,14:10,18:35,Turkish Airlines,254.0,EUR
2026-04-04 13:03:07,outbound,BUD,IST,2026-08-10,09:00,,Turkish Airlines,161.0,EUR
2026-04-04 13:03:07,outbound,BUD,IST,2026-08-10,14:10,,Turkish Airlines,168.0,EUR
2026-04-04 13:03:07,inbound,IST,BUD,2026-08-18,18:35,,Turkish Airlines,148.0,EUR
2026-04-04 13:03:07,roundtrip,BUD,IST,2026-08-10,09:00,18:35,Turkish Airlines,246.0,EUR
2026-04-04 13:03:07,roundtrip,BUD,IST,2026-08-10,14:10,18:35,Turkish Airlines,254.0,EUR
2026-04-04 17:23:19,outbound,BUD,IST,2026-08-10,09:00,,Turkish Airlines,161.0,EUR
2026-04-04 17:23:19,outbound,BUD,IST,2026-08-10,14:10,,Turkish Airlines,168.0,EUR
2026-04-04 17:23:19,inbound,IST,BUD,2026-08-18,18:35,,Turkish Airlines,148.0,EUR
2026-04-04 17:23:19,roundtrip,BUD,IST,2026-08-10,09:00,18:35,Turkish Airlines,246.0,EUR
2026-04-04 17:23:19,roundtrip,BUD,IST,2026-08-10,14:10,18:35,Turkish Airlines,254.0,EUR
2026-04-04 22:28:38,outbound,BUD,IST,2026-08-10,09:00,,Turkish Airlines,161.0,EUR
2026-04-04 22:28:38,outbound,BUD,IST,2026-08-10,14:10,,Turkish Airlines,168.0,EUR
2026-04-04 22:28:38,inbound,IST,BUD,2026-08-18,18:35,,Turkish Airlines,148.0,EUR
2026-04-04 22:28:38,roundtrip,BUD,IST,2026-08-10,09:00,18:35,Turkish Airlines,246.0,EUR
2026-04-04 22:28:38,roundtrip,BUD,IST,2026-08-10,14:10,18:35,Turkish Airlines,254.0,EUR
2026-04-05 05:19:54,outbound,BUD,IST,2026-08-10,09:00,,Turkish Airlines,161.0,EUR
2026-04-05 05:19:54,outbound,BUD,IST,2026-08-10,14:10,,Turkish Airlines,168.0,EUR
2026-04-05 05:19:54,inbound,IST,BUD,2026-08-18,18:35,,Turkish Airlines,148.0,EUR
2026-04-05 05:19:54,roundtrip,BUD,IST,2026-08-10,09:00,18:35,Turkish Airlines,246.0,EUR
2026-04-05 05:19:54,roundtrip,BUD,IST,2026-08-10,14:10,18:35,Turkish Airlines,254.0,EUR
2026-04-05 07:46:43,outbound,BUD,IST,2026-08-10,09:00,,Turkish Airlines,161.0,EUR
2026-04-05 07:46:43,outbound,BUD,IST,2026-08-10,14:10,,Turkish Airlines,168.0,EUR
2026-04-05 07:46:43,inbound,IST,BUD,2026-08-18,18:35,,Turkish Airlines,148.0,EUR
2026-04-05 07:46:43,roundtrip,BUD,IST,2026-08-10,09:00,18:35,Turkish Airlines,246.0,EUR
2026-04-05 07:46:43,roundtrip,BUD,IST,2026-08-10,14:10,18:35,Turkish Airlines,254.0,EUR
2026-04-05 13:05:09,outbound,BUD,IST,2026-08-10,09:00,,Turkish Airlines,161.0,EUR
2026-04-05 13:05:09,outbound,BUD,IST,2026-08-10,14:10,,Turkish Airlines,168.0,EUR
2026-04-05 13:05:09,inbound,IST,BUD,2026-08-18,18:35,,Turkish Airlines,148.0,EUR
2026-04-05 13:05:09,roundtrip,BUD,IST,2026-08-10,09:00,18:35,Turkish Airlines,246.0,EUR
2026-04-05 13:05:09,roundtrip,BUD,IST,2026-08-10,14:10,18:35,Turkish Airlines,254.0,EUR
2026-04-05 17:23:45,outbound,BUD,IST,2026-08-10,09:00,,Turkish Airlines,161.0,EUR
2026-04-05 17:23:45,outbound,BUD,IST,2026-08-10,14:10,,Turkish Airlines,168.0,EUR
2026-04-05 17:23:45,inbound,IST,BUD,2026-08-18,18:35,,Turkish Airlines,148.0,EUR
2026-04-05 17:23:45,roundtrip,BUD,IST,2026-08-10,09:00,18:35,Turkish Airlines,246.0,EUR
2026-04-05 17:23:45,roundtrip,BUD,IST,2026-08-10,14:10,18:35,Turkish Airlines,254.0,EUR
2026-04-05 22:29:46,outbound,BUD,IST,2026-08-10,09:00,,Turkish Airlines,161.0,EUR
2026-04-05 22:29:46,outbound,BUD,IST,2026-08-10,14:10,,Turkish Airlines,168.0,EUR
2026-04-05 22:29:46,inbound,IST,BUD,2026-08-18,18:35,,Turkish Airlines,148.0,EUR
2026-04-05 22:29:46,roundtrip,BUD,IST,2026-08-10,09:00,18:35,Turkish Airlines,246.0,EUR
2026-04-05 22:29:46,roundtrip,BUD,IST,2026-08-10,14:10,18:35,Turkish Airlines,254.0,EUR
2026-04-06 05:31:28,outbound,BUD,IST,2026-08-10,09:00,,Turkish Airlines,161.0,EUR
2026-04-06 05:31:28,outbound,BUD,IST,2026-08-10,14:10,,Turkish Airlines,168.0,EUR
2026-04-06 05:31:28,inbound,IST,BUD,2026-08-18,18:35,,Turkish Airlines,147.0,EUR
2026-04-06 05:31:28,roundtrip,BUD,IST,2026-08-10,09:00,18:35,Turkish Airlines,246.0,EUR
2026-04-06 05:31:28,roundtrip,BUD,IST,2026-08-10,14:10,18:35,Turkish Airlines,254.0,EUR
2026-04-06 08:15:51,outbound,BUD,IST,2026-08-10,09:00,,Turkish Airlines,161.0,EUR
2026-04-06 08:15:51,outbound,BUD,IST,2026-08-10,14:10,,Turkish Airlines,168.0,EUR
2026-04-06 08:15:51,inbound,IST,BUD,2026-08-18,18:35,,Turkish Airlines,147.0,EUR
2026-04-06 08:15:51,roundtrip,BUD,IST,2026-08-10,09:00,18:35,Turkish Airlines,247.0,EUR
2026-04-06 08:15:51,roundtrip,BUD,IST,2026-08-10,14:10,18:35,Turkish Airlines,254.0,EUR
2026-04-06 13:18:23,outbound,BUD,IST,2026-08-10,09:00,,Turkish Airlines,162.0,EUR
2026-04-06 13:18:23,outbound,BUD,IST,2026-08-10,14:10,,Turkish Airlines,169.0,EUR
2026-04-06 13:18:23,inbound,IST,BUD,2026-08-18,18:35,,Turkish Airlines,147.0,EUR
2026-04-06 13:18:23,roundtrip,BUD,IST,2026-08-10,09:00,18:35,Turkish Airlines,247.0,EUR
2026-04-06 13:18:23,roundtrip,BUD,IST,2026-08-10,14:10,18:35,Turkish Airlines,256.0,EUR
2026-04-06 17:38:40,outbound,BUD,IST,2026-08-10,09:00,,Turkish Airlines,161.0,EUR
2026-04-06 17:38:40,outbound,BUD,IST,2026-08-10,14:10,,Turkish Airlines,170.0,EUR
2026-04-06 17:38:40,inbound,IST,BUD,2026-08-18,18:35,,Turkish Airlines,147.0,EUR
2026-04-06 17:38:40,roundtrip,BUD,IST,2026-08-10,09:00,18:35,Turkish Airlines,247.0,EUR
2026-04-06 17:38:40,roundtrip,BUD,IST,2026-08-10,14:10,18:35,Turkish Airlines,256.0,EUR
2026-04-06 22:35:30,outbound,BUD,IST,2026-08-10,09:00,,Turkish Airlines,161.0,EUR
2026-04-06 22:35:30,outbound,BUD,IST,2026-08-10,14:10,,Turkish Airlines,169.0,EUR
2026-04-06 22:35:30,inbound,IST,BUD,2026-08-18,18:35,,Turkish Airlines,147.0,EUR
2026-04-06 22:35:30,roundtrip,BUD,IST,2026-08-10,09:00,18:35,Turkish Airlines,245.0,EUR
2026-04-06 22:35:30,roundtrip,BUD,IST,2026-08-10,14:10,18:35,Turkish Airlines,255.0,EUR
2026-04-07 05:17:44,outbound,BUD,IST,2026-08-10,09:00,,Turkish Airlines,161.0,EUR
2026-04-07 05:17:44,outbound,BUD,IST,2026-08-10,14:10,,Turkish Airlines,169.0,EUR
2026-04-07 05:17:44,inbound,IST,BUD,2026-08-18,18:35,,Turkish Airlines,147.0,EUR
2026-04-07 05:17:44,roundtrip,BUD,IST,2026-08-10,09:00,18:35,Turkish Airlines,246.0,EUR
2026-04-07 05:17:44,roundtrip,BUD,IST,2026-08-10,14:10,18:35,Turkish Airlines,256.0,EUR
2026-04-07 08:03:54,outbound,BUD,IST,2026-08-10,09:00,,Turkish Airlines,161.0,EUR
2026-04-07 08:03:54,outbound,BUD,IST,2026-08-10,14:10,,Turkish Airlines,169.0,EUR
2026-04-07 08:03:54,inbound,IST,BUD,2026-08-18,18:35,,Turkish Airlines,147.0,EUR
2026-04-07 08:03:54,roundtrip,BUD,IST,2026-08-10,09:00,18:35,Turkish Airlines,246.0,EUR
2026-04-07 08:03:54,roundtrip,BUD,IST,2026-08-10,14:10,18:35,Turkish Airlines,256.0,EUR
2026-04-07 13:25:44,outbound,BUD,IST,2026-08-10,09:00,,Turkish Airlines,161.0,EUR
2026-04-07 13:25:44,outbound,BUD,IST,2026-08-10,14:10,,Turkish Airlines,169.0,EUR
2026-04-07 13:25:44,inbound,IST,BUD,2026-08-18,18:35,,Turkish Airlines,147.0,EUR
2026-04-07 13:25:44,roundtrip,BUD,IST,2026-08-10,09:00,18:35,Turkish Airlines,246.0,EUR
2026-04-07 13:25:44,roundtrip,BUD,IST,2026-08-10,14:10,18:35,Turkish Airlines,256.0,EUR
2026-04-07 17:52:07,outbound,BUD,IST,2026-08-10,09:00,,Turkish Airlines,161.0,EUR
2026-04-07 17:52:07,outbound,BUD,IST,2026-08-10,14:10,,Turkish Airlines,169.0,EUR
2026-04-07 17:52:07,inbound,IST,BUD,2026-08-18,18:35,,Turkish Airlines,147.0,EUR
2026-04-07 17:52:07,roundtrip,BUD,IST,2026-08-10,09:00,18:35,Turkish Airlines,247.0,EUR
2026-04-07 17:52:07,roundtrip,BUD,IST,2026-08-10,14:10,18:35,Turkish Airlines,256.0,EUR
2026-04-07 22:37:04,outbound,BUD,IST,2026-08-10,09:00,,Turkish Airlines,162.0,EUR
2026-04-07 22:37:04,outbound,BUD,IST,2026-08-10,14:10,,Turkish Airlines,169.0,EUR
2026-04-07 22:37:04,inbound,IST,BUD,2026-08-18,18:35,,Turkish Airlines,146.0,EUR
2026-04-07 22:37:04,roundtrip,BUD,IST,2026-08-10,09:00,18:35,Turkish Airlines,247.0,EUR
2026-04-07 22:37:04,roundtrip,BUD,IST,2026-08-10,14:10,18:35,Turkish Airlines,256.0,EUR
2026-04-08 05:19:39,outbound,BUD,IST,2026-08-10,09:00,,Turkish Airlines,162.0,EUR
2026-04-08 05:19:39,outbound,BUD,IST,2026-08-10,14:10,,Turkish Airlines,172.0,EUR
2026-04-08 05:19:39,inbound,IST,BUD,2026-08-18,18:35,,Turkish Airlines,146.0,EUR
2026-04-08 05:19:39,roundtrip,BUD,IST,2026-08-10,09:00,18:35,Turkish Airlines,252.0,EUR
2026-04-08 05:19:39,roundtrip,BUD,IST,2026-08-10,14:10,18:35,Turkish Airlines,260.0,EUR
2026-04-08 08:05:04,outbound,BUD,IST,2026-08-10,09:00,,Turkish Airlines,161.0,EUR
2026-04-08 08:05:04,outbound,BUD,IST,2026-08-10,14:10,,Turkish Airlines,171.0,EUR
2026-04-08 08:05:04,inbound,IST,BUD,2026-08-18,18:35,,Turkish Airlines,146.0,EUR
2026-04-08 08:05:04,roundtrip,BUD,IST,2026-08-10,09:00,18:35,Turkish Airlines,247.0,EUR
2026-04-08 08:05:04,roundtrip,BUD,IST,2026-08-10,14:10,18:35,Turkish Airlines,259.0,EUR
